x0000,y0000
-3,0,
-2.998221695,112.5,
-2.996443391,0,
-2.994665086,0,
-2.992886781,0,
-2.991108477,112.5,
-2.989330172,56.25,
-2.987551867,225,
-2.985773563,56.25,
-2.983995258,112.5,
-2.982216953,112.5,
-2.980438648,112.5,
-2.978660344,112.5,
-2.976882039,168.75,
-2.975103734,168.75,
-2.97332543,112.5,
-2.971547125,56.25,
-2.96976882,0,
-2.967990516,112.5,
-2.966212211,168.75,
-2.964433906,225,
-2.962655602,168.75,
-2.960877297,225,
-2.959098992,56.25,
-2.957320688,0,
-2.955542383,112.5,
-2.953764078,0,
-2.951985774,56.25,
-2.950207469,56.25,
-2.948429164,56.25,
-2.94665086,168.75,
-2.944872555,56.25,
-2.94309425,168.75,
-2.941315945,112.5,
-2.939537641,112.5,
-2.937759336,0,
-2.935981031,0,
-2.934202727,56.25,
-2.932424422,112.5,
-2.930646117,56.25,
-2.928867813,56.25,
-2.927089508,0,
-2.925311203,112.5,
-2.923532899,112.5,
-2.921754594,56.25,
-2.919976289,225,
-2.918197985,56.25,
-2.91641968,56.25,
-2.914641375,0,
-2.912863071,0,
-2.911084766,0,
-2.909306461,0,
-2.907528156,112.5,
-2.905749852,56.25,
-2.903971547,56.25,
-2.902193242,0,
-2.900414938,56.25,
-2.898636633,56.25,
-2.896858328,56.25,
-2.895080024,56.25,
-2.893301719,56.25,
-2.891523414,56.25,
-2.88974511,0,
-2.887966805,56.25,
-2.8861885,0,
-2.884410196,56.25,
-2.882631891,0,
-2.880853586,0,
-2.879075282,168.75,
-2.877296977,337.5,
-2.875518672,56.25,
-2.873740368,56.25,
-2.871962063,225,
-2.870183758,0,
-2.868405453,56.25,
-2.866627149,0,
-2.864848844,168.75,
-2.863070539,112.5,
-2.861292235,56.25,
-2.85951393,56.25,
-2.857735625,168.75,
-2.855957321,56.25,
-2.854179016,56.25,
-2.852400711,0,
-2.850622407,56.25,
-2.848844102,112.5,
-2.847065797,0,
-2.845287493,56.25,
-2.843509188,0,
-2.841730883,56.25,
-2.839952579,168.75,
-2.838174274,0,
-2.836395969,0,
-2.834617664,56.25,
-2.83283936,56.25,
-2.831061055,112.5,
-2.82928275,0,
-2.827504446,112.5,
-2.825726141,0,
-2.823947836,112.5,
-2.822169532,0,
-2.820391227,56.25,
-2.818612922,56.25,
-2.816834618,56.25,
-2.815056313,112.5,
-2.813278008,112.5,
-2.811499704,56.25,
-2.809721399,112.5,
-2.807943094,56.25,
-2.80616479,56.25,
-2.804386485,225,
-2.80260818,112.5,
-2.800829876,0,
-2.799051571,0,
-2.797273266,0,
-2.795494961,0,
-2.793716657,112.5,
-2.791938352,0,
-2.790160047,112.5,
-2.788381743,0,
-2.786603438,56.25,
-2.784825133,56.25,
-2.783046829,56.25,
-2.781268524,56.25,
-2.779490219,56.25,
-2.777711915,168.75,
-2.77593361,112.5,
-2.774155305,0,
-2.772377001,112.5,
-2.770598696,56.25,
-2.768820391,0,
-2.767042087,56.25,
-2.765263782,0,
-2.763485477,56.25,
-2.761707172,56.25,
-2.759928868,56.25,
-2.758150563,112.5,
-2.756372258,112.5,
-2.754593954,0,
-2.752815649,0,
-2.751037344,0,
-2.74925904,0,
-2.747480735,0,
-2.74570243,168.75,
-2.743924126,56.25,
-2.742145821,56.25,
-2.740367516,0,
-2.738589212,56.25,
-2.736810907,168.75,
-2.735032602,56.25,
-2.733254298,0,
-2.731475993,56.25,
-2.729697688,56.25,
-2.727919384,0,
-2.726141079,56.25,
-2.724362774,56.25,
-2.722584469,56.25,
-2.720806165,0,
-2.71902786,0,
-2.717249555,0,
-2.715471251,225,
-2.713692946,0,
-2.711914641,56.25,
-2.710136337,168.75,
-2.708358032,56.25,
-2.706579727,56.25,
-2.704801423,0,
-2.703023118,112.5,
-2.701244813,0,
-2.699466509,0,
-2.697688204,112.5,
-2.695909899,0,
-2.694131595,56.25,
-2.69235329,112.5,
-2.690574985,0,
-2.68879668,0,
-2.687018376,0,
-2.685240071,56.25,
-2.683461766,112.5,
-2.681683462,0,
-2.679905157,0,
-2.678126852,168.75,
-2.676348548,56.25,
-2.674570243,0,
-2.672791938,56.25,
-2.671013634,112.5,
-2.669235329,112.5,
-2.667457024,56.25,
-2.66567872,0,
-2.663900415,112.5,
-2.66212211,56.25,
-2.660343806,112.5,
-2.658565501,56.25,
-2.656787196,56.25,
-2.655008892,56.25,
-2.653230587,0,
-2.651452282,112.5,
-2.649673977,56.25,
-2.647895673,112.5,
-2.646117368,112.5,
-2.644339063,56.25,
-2.642560759,56.25,
-2.640782454,56.25,
-2.639004149,0,
-2.637225845,0,
-2.63544754,56.25,
-2.633669235,56.25,
-2.631890931,56.25,
-2.630112626,0,
-2.628334321,0,
-2.626556017,112.5,
-2.624777712,168.75,
-2.622999407,56.25,
-2.621221103,56.25,
-2.619442798,168.75,
-2.617664493,56.25,
-2.615886189,0,
-2.614107884,56.25,
-2.612329579,56.25,
-2.610551274,56.25,
-2.60877297,56.25,
-2.606994665,112.5,
-2.60521636,112.5,
-2.603438056,0,
-2.601659751,0,
-2.599881446,56.25,
-2.598103142,56.25,
-2.596324837,0,
-2.594546532,112.5,
-2.592768228,0,
-2.590989923,0,
-2.589211618,56.25,
-2.587433314,56.25,
-2.585655009,56.25,
-2.583876704,112.5,
-2.5820984,0,
-2.580320095,0,
-2.57854179,56.25,
-2.576763485,168.75,
-2.574985181,0,
-2.573206876,56.25,
-2.571428571,56.25,
-2.569650267,0,
-2.567871962,168.75,
-2.566093657,0,
-2.564315353,56.25,
-2.562537048,0,
-2.560758743,112.5,
-2.558980439,56.25,
-2.557202134,0,
-2.555423829,56.25,
-2.553645525,0,
-2.55186722,0,
-2.550088915,0,
-2.548310611,112.5,
-2.546532306,112.5,
-2.544754001,56.25,
-2.542975697,0,
-2.541197392,56.25,
-2.539419087,0,
-2.537640782,112.5,
-2.535862478,56.25,
-2.534084173,168.75,
-2.532305868,0,
-2.530527564,0,
-2.528749259,56.25,
-2.526970954,112.5,
-2.52519265,56.25,
-2.523414345,56.25,
-2.52163604,112.5,
-2.519857736,56.25,
-2.518079431,168.75,
-2.516301126,112.5,
-2.514522822,0,
-2.512744517,56.25,
-2.510966212,56.25,
-2.509187908,56.25,
-2.507409603,0,
-2.505631298,168.75,
-2.503852993,0,
-2.502074689,0,
-2.500296384,112.5,
-2.498518079,0,
-2.496739775,0,
-2.49496147,0,
-2.493183165,0,
-2.491404861,0,
-2.489626556,56.25,
-2.487848251,0,
-2.486069947,56.25,
-2.484291642,112.5,
-2.482513337,0,
-2.480735033,0,
-2.478956728,225,
-2.477178423,56.25,
-2.475400119,0,
-2.473621814,0,
-2.471843509,56.25,
-2.470065205,56.25,
-2.4682869,112.5,
-2.466508595,56.25,
-2.46473029,112.5,
-2.462951986,112.5,
-2.461173681,112.5,
-2.459395376,168.75,
-2.457617072,0,
-2.455838767,0,
-2.454060462,112.5,
-2.452282158,56.25,
-2.450503853,112.5,
-2.448725548,56.25,
-2.446947244,112.5,
-2.445168939,56.25,
-2.443390634,112.5,
-2.44161233,56.25,
-2.439834025,0,
-2.43805572,112.5,
-2.436277416,56.25,
-2.434499111,56.25,
-2.432720806,0,
-2.430942501,56.25,
-2.429164197,56.25,
-2.427385892,0,
-2.425607587,112.5,
-2.423829283,0,
-2.422050978,0,
-2.420272673,56.25,
-2.418494369,0,
-2.416716064,112.5,
-2.414937759,56.25,
-2.413159455,0,
-2.41138115,56.25,
-2.409602845,56.25,
-2.407824541,112.5,
-2.406046236,0,
-2.404267931,168.75,
-2.402489627,56.25,
-2.400711322,56.25,
-2.398933017,112.5,
-2.397154713,56.25,
-2.395376408,0,
-2.393598103,56.25,
-2.391819798,112.5,
-2.390041494,56.25,
-2.388263189,281.25,
-2.386484884,0,
-2.38470658,112.5,
-2.382928275,56.25,
-2.38114997,112.5,
-2.379371666,112.5,
-2.377593361,0,
-2.375815056,168.75,
-2.374036752,56.25,
-2.372258447,56.25,
-2.370480142,56.25,
-2.368701838,168.75,
-2.366923533,0,
-2.365145228,56.25,
-2.363366924,56.25,
-2.361588619,56.25,
-2.359810314,112.5,
-2.358032009,56.25,
-2.356253705,56.25,
-2.3544754,0,
-2.352697095,0,
-2.350918791,168.75,
-2.349140486,0,
-2.347362181,0,
-2.345583877,0,
-2.343805572,56.25,
-2.342027267,112.5,
-2.340248963,0,
-2.338470658,56.25,
-2.336692353,56.25,
-2.334914049,56.25,
-2.333135744,112.5,
-2.331357439,112.5,
-2.329579135,56.25,
-2.32780083,56.25,
-2.326022525,112.5,
-2.324244221,56.25,
-2.322465916,0,
-2.320687611,0,
-2.318909306,0,
-2.317131002,56.25,
-2.315352697,56.25,
-2.313574392,56.25,
-2.311796088,56.25,
-2.310017783,112.5,
-2.308239478,168.75,
-2.306461174,0,
-2.304682869,112.5,
-2.302904564,56.25,
-2.30112626,0,
-2.299347955,112.5,
-2.29756965,56.25,
-2.295791346,225,
-2.294013041,56.25,
-2.292234736,56.25,
-2.290456432,0,
-2.288678127,112.5,
-2.286899822,56.25,
-2.285121517,168.75,
-2.283343213,56.25,
-2.281564908,168.75,
-2.279786603,0,
-2.278008299,0,
-2.276229994,225,
-2.274451689,56.25,
-2.272673385,112.5,
-2.27089508,112.5,
-2.269116775,168.75,
-2.267338471,0,
-2.265560166,56.25,
-2.263781861,56.25,
-2.262003557,112.5,
-2.260225252,56.25,
-2.258446947,112.5,
-2.256668643,0,
-2.254890338,0,
-2.253112033,112.5,
-2.251333729,56.25,
-2.249555424,56.25,
-2.247777119,0,
-2.245998814,56.25,
-2.24422051,56.25,
-2.242442205,56.25,
-2.2406639,0,
-2.238885596,56.25,
-2.237107291,0,
-2.235328986,56.25,
-2.233550682,112.5,
-2.231772377,0,
-2.229994072,56.25,
-2.228215768,0,
-2.226437463,0,
-2.224659158,56.25,
-2.222880854,112.5,
-2.221102549,0,
-2.219324244,0,
-2.21754594,0,
-2.215767635,56.25,
-2.21398933,168.75,
-2.212211025,0,
-2.210432721,56.25,
-2.208654416,112.5,
-2.206876111,0,
-2.205097807,0,
-2.203319502,0,
-2.201541197,56.25,
-2.199762893,56.25,
-2.197984588,0,
-2.196206283,56.25,
-2.194427979,168.75,
-2.192649674,56.25,
-2.190871369,0,
-2.189093065,56.25,
-2.18731476,56.25,
-2.185536455,56.25,
-2.183758151,0,
-2.181979846,112.5,
-2.180201541,56.25,
-2.178423237,56.25,
-2.176644932,112.5,
-2.174866627,112.5,
-2.173088322,56.25,
-2.171310018,0,
-2.169531713,56.25,
-2.167753408,112.5,
-2.165975104,56.25,
-2.164196799,56.25,
-2.162418494,0,
-2.16064019,112.5,
-2.158861885,112.5,
-2.15708358,56.25,
-2.155305276,56.25,
-2.153526971,0,
-2.151748666,0,
-2.149970362,0,
-2.148192057,56.25,
-2.146413752,56.25,
-2.144635448,0,
-2.142857143,225,
-2.141078838,168.75,
-2.139300533,0,
-2.137522229,56.25,
-2.135743924,0,
-2.133965619,0,
-2.132187315,56.25,
-2.13040901,56.25,
-2.128630705,168.75,
-2.126852401,0,
-2.125074096,56.25,
-2.123295791,56.25,
-2.121517487,0,
-2.119739182,0,
-2.117960877,0,
-2.116182573,112.5,
-2.114404268,56.25,
-2.112625963,56.25,
-2.110847659,168.75,
-2.109069354,0,
-2.107291049,168.75,
-2.105512745,225,
-2.10373444,112.5,
-2.101956135,0,
-2.10017783,0,
-2.098399526,56.25,
-2.096621221,56.25,
-2.094842916,56.25,
-2.093064612,56.25,
-2.091286307,0,
-2.089508002,225,
-2.087729698,56.25,
-2.085951393,56.25,
-2.084173088,56.25,
-2.082394784,56.25,
-2.080616479,56.25,
-2.078838174,112.5,
-2.07705987,112.5,
-2.075281565,225,
-2.07350326,0,
-2.071724956,0,
-2.069946651,56.25,
-2.068168346,112.5,
-2.066390041,56.25,
-2.064611737,0,
-2.062833432,0,
-2.061055127,112.5,
-2.059276823,56.25,
-2.057498518,0,
-2.055720213,0,
-2.053941909,168.75,
-2.052163604,112.5,
-2.050385299,0,
-2.048606995,0,
-2.04682869,0,
-2.045050385,0,
-2.043272081,56.25,
-2.041493776,56.25,
-2.039715471,0,
-2.037937167,112.5,
-2.036158862,56.25,
-2.034380557,0,
-2.032602253,0,
-2.030823948,0,
-2.029045643,112.5,
-2.027267338,56.25,
-2.025489034,56.25,
-2.023710729,56.25,
-2.021932424,56.25,
-2.02015412,56.25,
-2.018375815,112.5,
-2.01659751,56.25,
-2.014819206,168.75,
-2.013040901,56.25,
-2.011262596,168.75,
-2.009484292,0,
-2.007705987,225,
-2.005927682,225,
-2.004149378,112.5,
-2.002371073,56.25,
-2.000592768,0,
-1.998814464,56.25,
-1.997036159,168.75,
-1.995257854,168.75,
-1.993479549,56.25,
-1.991701245,0,
-1.98992294,56.25,
-1.988144635,225,
-1.986366331,56.25,
-1.984588026,56.25,
-1.982809721,56.25,
-1.981031417,112.5,
-1.979253112,168.75,
-1.977474807,0,
-1.975696503,112.5,
-1.973918198,56.25,
-1.972139893,112.5,
-1.970361589,0,
-1.968583284,112.5,
-1.966804979,56.25,
-1.965026675,0,
-1.96324837,56.25,
-1.961470065,56.25,
-1.959691761,0,
-1.957913456,112.5,
-1.956135151,56.25,
-1.954356846,225,
-1.952578542,56.25,
-1.950800237,56.25,
-1.949021932,56.25,
-1.947243628,56.25,
-1.945465323,56.25,
-1.943687018,112.5,
-1.941908714,56.25,
-1.940130409,0,
-1.938352104,0,
-1.9365738,56.25,
-1.934795495,56.25,
-1.93301719,0,
-1.931238886,168.75,
-1.929460581,56.25,
-1.927682276,168.75,
-1.925903972,0,
-1.924125667,56.25,
-1.922347362,56.25,
-1.920569057,0,
-1.918790753,112.5,
-1.917012448,112.5,
-1.915234143,56.25,
-1.913455839,56.25,
-1.911677534,0,
-1.909899229,168.75,
-1.908120925,0,
-1.90634262,56.25,
-1.904564315,0,
-1.902786011,168.75,
-1.901007706,0,
-1.899229401,56.25,
-1.897451097,0,
-1.895672792,56.25,
-1.893894487,0,
-1.892116183,0,
-1.890337878,168.75,
-1.888559573,0,
-1.886781269,56.25,
-1.885002964,0,
-1.883224659,112.5,
-1.881446354,56.25,
-1.87966805,0,
-1.877889745,56.25,
-1.87611144,112.5,
-1.874333136,56.25,
-1.872554831,112.5,
-1.870776526,0,
-1.868998222,0,
-1.867219917,56.25,
-1.865441612,0,
-1.863663308,56.25,
-1.861885003,56.25,
-1.860106698,0,
-1.858328394,56.25,
-1.856550089,0,
-1.854771784,56.25,
-1.85299348,0,
-1.851215175,0,
-1.84943687,0,
-1.847658566,112.5,
-1.845880261,56.25,
-1.844101956,0,
-1.842323651,0,
-1.840545347,0,
-1.838767042,112.5,
-1.836988737,0,
-1.835210433,0,
-1.833432128,112.5,
-1.831653823,112.5,
-1.829875519,112.5,
-1.828097214,56.25,
-1.826318909,56.25,
-1.824540605,112.5,
-1.8227623,0,
-1.820983995,112.5,
-1.819205691,112.5,
-1.817427386,56.25,
-1.815649081,56.25,
-1.813870777,112.5,
-1.812092472,0,
-1.810314167,56.25,
-1.808535862,112.5,
-1.806757558,112.5,
-1.804979253,0,
-1.803200948,0,
-1.801422644,112.5,
-1.799644339,0,
-1.797866034,112.5,
-1.79608773,112.5,
-1.794309425,168.75,
-1.79253112,0,
-1.790752816,112.5,
-1.788974511,0,
-1.787196206,56.25,
-1.785417902,168.75,
-1.783639597,0,
-1.781861292,56.25,
-1.780082988,112.5,
-1.778304683,56.25,
-1.776526378,0,
-1.774748074,168.75,
-1.772969769,56.25,
-1.771191464,0,
-1.769413159,0,
-1.767634855,0,
-1.76585655,168.75,
-1.764078245,56.25,
-1.762299941,112.5,
-1.760521636,56.25,
-1.758743331,168.75,
-1.756965027,56.25,
-1.755186722,0,
-1.753408417,0,
-1.751630113,112.5,
-1.749851808,56.25,
-1.748073503,56.25,
-1.746295199,0,
-1.744516894,0,
-1.742738589,112.5,
-1.740960285,56.25,
-1.73918198,0,
-1.737403675,56.25,
-1.73562537,0,
-1.733847066,56.25,
-1.732068761,56.25,
-1.730290456,56.25,
-1.728512152,168.75,
-1.726733847,0,
-1.724955542,56.25,
-1.723177238,0,
-1.721398933,112.5,
-1.719620628,56.25,
-1.717842324,0,
-1.716064019,56.25,
-1.714285714,56.25,
-1.71250741,56.25,
-1.710729105,56.25,
-1.7089508,56.25,
-1.707172496,56.25,
-1.705394191,0,
-1.703615886,0,
-1.701837582,112.5,
-1.700059277,168.75,
-1.698280972,0,
-1.696502667,0,
-1.694724363,56.25,
-1.692946058,225,
-1.691167753,56.25,
-1.689389449,56.25,
-1.687611144,0,
-1.685832839,168.75,
-1.684054535,56.25,
-1.68227623,112.5,
-1.680497925,56.25,
-1.678719621,56.25,
-1.676941316,168.75,
-1.675163011,56.25,
-1.673384707,112.5,
-1.671606402,112.5,
-1.669828097,168.75,
-1.668049793,0,
-1.666271488,0,
-1.664493183,56.25,
-1.662714878,0,
-1.660936574,112.5,
-1.659158269,168.75,
-1.657379964,0,
-1.65560166,0,
-1.653823355,0,
-1.65204505,0,
-1.650266746,0,
-1.648488441,56.25,
-1.646710136,0,
-1.644931832,56.25,
-1.643153527,0,
-1.641375222,0,
-1.639596918,0,
-1.637818613,0,
-1.636040308,0,
-1.634262004,56.25,
-1.632483699,112.5,
-1.630705394,0,
-1.62892709,168.75,
-1.627148785,168.75,
-1.62537048,56.25,
-1.623592175,168.75,
-1.621813871,281.25,
-1.620035566,0,
-1.618257261,0,
-1.616478957,56.25,
-1.614700652,168.75,
-1.612922347,0,
-1.611144043,56.25,
-1.609365738,56.25,
-1.607587433,56.25,
-1.605809129,56.25,
-1.604030824,168.75,
-1.602252519,56.25,
-1.600474215,0,
-1.59869591,0,
-1.596917605,56.25,
-1.595139301,0,
-1.593360996,56.25,
-1.591582691,0,
-1.589804386,112.5,
-1.588026082,56.25,
-1.586247777,0,
-1.584469472,0,
-1.582691168,56.25,
-1.580912863,56.25,
-1.579134558,168.75,
-1.577356254,0,
-1.575577949,0,
-1.573799644,0,
-1.57202134,112.5,
-1.570243035,56.25,
-1.56846473,225,
-1.566686426,112.5,
-1.564908121,56.25,
-1.563129816,56.25,
-1.561351512,0,
-1.559573207,56.25,
-1.557794902,56.25,
-1.556016598,56.25,
-1.554238293,0,
-1.552459988,0,
-1.550681683,56.25,
-1.548903379,0,
-1.547125074,56.25,
-1.545346769,168.75,
-1.543568465,168.75,
-1.54179016,0,
-1.540011855,112.5,
-1.538233551,0,
-1.536455246,112.5,
-1.534676941,56.25,
-1.532898637,112.5,
-1.531120332,112.5,
-1.529342027,168.75,
-1.527563723,56.25,
-1.525785418,112.5,
-1.524007113,225,
-1.522228809,112.5,
-1.520450504,112.5,
-1.518672199,112.5,
-1.516893894,112.5,
-1.51511559,112.5,
-1.513337285,0,
-1.51155898,168.75,
-1.509780676,168.75,
-1.508002371,112.5,
-1.506224066,0,
-1.504445762,56.25,
-1.502667457,0,
-1.500889152,168.75,
-1.499110848,56.25,
-1.497332543,112.5,
-1.495554238,0,
-1.493775934,112.5,
-1.491997629,281.25,
-1.490219324,112.5,
-1.48844102,225,
-1.486662715,0,
-1.48488441,0,
-1.483106106,0,
-1.481327801,56.25,
-1.479549496,0,
-1.477771191,168.75,
-1.475992887,56.25,
-1.474214582,0,
-1.472436277,56.25,
-1.470657973,112.5,
-1.468879668,56.25,
-1.467101363,56.25,
-1.465323059,56.25,
-1.463544754,56.25,
-1.461766449,337.5,
-1.459988145,0,
-1.45820984,112.5,
-1.456431535,0,
-1.454653231,0,
-1.452874926,0,
-1.451096621,0,
-1.449318317,225,
-1.447540012,0,
-1.445761707,56.25,
-1.443983402,225,
-1.442205098,112.5,
-1.440426793,112.5,
-1.438648488,56.25,
-1.436870184,0,
-1.435091879,168.75,
-1.433313574,56.25,
-1.43153527,112.5,
-1.429756965,0,
-1.42797866,112.5,
-1.426200356,112.5,
-1.424422051,56.25,
-1.422643746,112.5,
-1.420865442,225,
-1.419087137,112.5,
-1.417308832,0,
-1.415530528,0,
-1.413752223,112.5,
-1.411973918,112.5,
-1.410195614,0,
-1.408417309,112.5,
-1.406639004,168.75,
-1.404860699,168.75,
-1.403082395,112.5,
-1.40130409,168.75,
-1.399525785,0,
-1.397747481,112.5,
-1.395969176,0,
-1.394190871,56.25,
-1.392412567,0,
-1.390634262,56.25,
-1.388855957,0,
-1.387077653,56.25,
-1.385299348,112.5,
-1.383521043,0,
-1.381742739,0,
-1.379964434,0,
-1.378186129,56.25,
-1.376407825,0,
-1.37462952,0,
-1.372851215,56.25,
-1.37107291,112.5,
-1.369294606,56.25,
-1.367516301,0,
-1.365737996,112.5,
-1.363959692,56.25,
-1.362181387,168.75,
-1.360403082,0,
-1.358624778,168.75,
-1.356846473,337.5,
-1.355068168,112.5,
-1.353289864,0,
-1.351511559,112.5,
-1.349733254,56.25,
-1.34795495,0,
-1.346176645,56.25,
-1.34439834,112.5,
-1.342620036,168.75,
-1.340841731,225,
-1.339063426,0,
-1.337285122,168.75,
-1.335506817,0,
-1.333728512,0,
-1.331950207,168.75,
-1.330171903,56.25,
-1.328393598,56.25,
-1.326615293,112.5,
-1.324836989,168.75,
-1.323058684,56.25,
-1.321280379,112.5,
-1.319502075,56.25,
-1.31772377,56.25,
-1.315945465,0,
-1.314167161,0,
-1.312388856,168.75,
-1.310610551,168.75,
-1.308832247,0,
-1.307053942,56.25,
-1.305275637,56.25,
-1.303497333,0,
-1.301719028,168.75,
-1.299940723,0,
-1.298162418,56.25,
-1.296384114,56.25,
-1.294605809,0,
-1.292827504,56.25,
-1.2910492,0,
-1.289270895,56.25,
-1.28749259,56.25,
-1.285714286,112.5,
-1.283935981,56.25,
-1.282157676,0,
-1.280379372,56.25,
-1.278601067,56.25,
-1.276822762,0,
-1.275044458,56.25,
-1.273266153,0,
-1.271487848,168.75,
-1.269709544,56.25,
-1.267931239,337.5,
-1.266152934,56.25,
-1.26437463,56.25,
-1.262596325,281.25,
-1.26081802,337.5,
-1.259039715,281.25,
-1.257261411,168.75,
-1.255483106,225,
-1.253704801,450,
-1.251926497,225,
-1.250148192,225,
-1.248369887,168.75,
-1.246591583,168.75,
-1.244813278,281.25,
-1.243034973,225,
-1.241256669,0,
-1.239478364,225,
-1.237700059,56.25,
-1.235921755,168.75,
-1.23414345,56.25,
-1.232365145,225,
-1.230586841,225,
-1.228808536,56.25,
-1.227030231,56.25,
-1.225251926,112.5,
-1.223473622,281.25,
-1.221695317,0,
-1.219917012,112.5,
-1.218138708,112.5,
-1.216360403,0,
-1.214582098,56.25,
-1.212803794,0,
-1.211025489,56.25,
-1.209247184,168.75,
-1.20746888,56.25,
-1.205690575,56.25,
-1.20391227,56.25,
-1.202133966,168.75,
-1.200355661,112.5,
-1.198577356,56.25,
-1.196799052,112.5,
-1.195020747,112.5,
-1.193242442,0,
-1.191464138,0,
-1.189685833,0,
-1.187907528,0,
-1.186129223,0,
-1.184350919,112.5,
-1.182572614,112.5,
-1.180794309,56.25,
-1.179016005,112.5,
-1.1772377,0,
-1.175459395,112.5,
-1.173681091,225,
-1.171902786,168.75,
-1.170124481,112.5,
-1.168346177,56.25,
-1.166567872,112.5,
-1.164789567,168.75,
-1.163011263,393.75,
-1.161232958,168.75,
-1.159454653,112.5,
-1.157676349,112.5,
-1.155898044,0,
-1.154119739,168.75,
-1.152341434,112.5,
-1.15056313,112.5,
-1.148784825,0,
-1.14700652,112.5,
-1.145228216,0,
-1.143449911,0,
-1.141671606,112.5,
-1.139893302,281.25,
-1.138114997,56.25,
-1.136336692,112.5,
-1.134558388,56.25,
-1.132780083,0,
-1.131001778,112.5,
-1.129223474,56.25,
-1.127445169,56.25,
-1.125666864,0,
-1.12388856,56.25,
-1.122110255,0,
-1.12033195,0,
-1.118553646,112.5,
-1.116775341,0,
-1.114997036,0,
-1.113218731,56.25,
-1.111440427,0,
-1.109662122,0,
-1.107883817,112.5,
-1.106105513,0,
-1.104327208,0,
-1.102548903,56.25,
-1.100770599,56.25,
-1.098992294,0,
-1.097213989,56.25,
-1.095435685,112.5,
-1.09365738,112.5,
-1.091879075,56.25,
-1.090100771,0,
-1.088322466,56.25,
-1.086544161,0,
-1.084765857,0,
-1.082987552,112.5,
-1.081209247,56.25,
-1.079430943,56.25,
-1.077652638,0,
-1.075874333,0,
-1.074096028,112.5,
-1.072317724,56.25,
-1.070539419,112.5,
-1.068761114,0,
-1.06698281,0,
-1.065204505,112.5,
-1.0634262,56.25,
-1.061647896,0,
-1.059869591,56.25,
-1.058091286,56.25,
-1.056312982,0,
-1.054534677,56.25,
-1.052756372,0,
-1.050978068,0,
-1.049199763,56.25,
-1.047421458,0,
-1.045643154,56.25,
-1.043864849,0,
-1.042086544,56.25,
-1.040308239,0,
-1.038529935,168.75,
-1.03675163,0,
-1.034973325,0,
-1.033195021,56.25,
-1.031416716,0,
-1.029638411,0,
-1.027860107,168.75,
-1.026081802,56.25,
-1.024303497,112.5,
-1.022525193,168.75,
-1.020746888,0,
-1.018968583,0,
-1.017190279,0,
-1.015411974,56.25,
-1.013633669,0,
-1.011855365,56.25,
-1.01007706,112.5,
-1.008298755,0,
-1.006520451,112.5,
-1.004742146,56.25,
-1.002963841,56.25,
-1.001185536,112.5,
-0.9994072318,0,
-0.9976289271,56.25,
-0.9958506224,112.5,
-0.9940723177,0,
-0.992294013,56.25,
-0.9905157084,56.25,
-0.9887374037,112.5,
-0.986959099,56.25,
-0.9851807943,0,
-0.9834024896,168.75,
-0.9816241849,56.25,
-0.9798458803,56.25,
-0.9780675756,0,
-0.9762892709,0,
-0.9745109662,112.5,
-0.9727326615,0,
-0.9709543568,168.75,
-0.9691760522,112.5,
-0.9673977475,56.25,
-0.9656194428,0,
-0.9638411381,0,
-0.9620628334,225,
-0.9602845287,112.5,
-0.9585062241,56.25,
-0.9567279194,112.5,
-0.9549496147,168.75,
-0.95317131,112.5,
-0.9513930053,0,
-0.9496147007,0,
-0.947836396,0,
-0.9460580913,56.25,
-0.9442797866,0,
-0.9425014819,168.75,
-0.9407231772,168.75,
-0.9389448726,112.5,
-0.9371665679,56.25,
-0.9353882632,56.25,
-0.9336099585,0,
-0.9318316538,112.5,
-0.9300533491,56.25,
-0.9282750445,0,
-0.9264967398,0,
-0.9247184351,56.25,
-0.9229401304,56.25,
-0.9211618257,56.25,
-0.919383521,0,
-0.9176052164,0,
-0.9158269117,56.25,
-0.914048607,56.25,
-0.9122703023,0,
-0.9104919976,56.25,
-0.9087136929,168.75,
-0.9069353883,0,
-0.9051570836,112.5,
-0.9033787789,112.5,
-0.9016004742,0,
-0.8998221695,56.25,
-0.8980438648,0,
-0.8962655602,56.25,
-0.8944872555,56.25,
-0.8927089508,56.25,
-0.8909306461,168.75,
-0.8891523414,0,
-0.8873740368,168.75,
-0.8855957321,112.5,
-0.8838174274,0,
-0.8820391227,56.25,
-0.880260818,56.25,
-0.8784825133,168.75,
-0.8767042087,0,
-0.874925904,0,
-0.8731475993,112.5,
-0.8713692946,0,
-0.8695909899,168.75,
-0.8678126852,0,
-0.8660343806,0,
-0.8642560759,56.25,
-0.8624777712,168.75,
-0.8606994665,0,
-0.8589211618,112.5,
-0.8571428571,56.25,
-0.8553645525,0,
-0.8535862478,56.25,
-0.8518079431,56.25,
-0.8500296384,168.75,
-0.8482513337,168.75,
-0.846473029,112.5,
-0.8446947244,0,
-0.8429164197,0,
-0.841138115,168.75,
-0.8393598103,225,
-0.8375815056,0,
-0.8358032009,225,
-0.8340248963,0,
-0.8322465916,56.25,
-0.8304682869,112.5,
-0.8286899822,112.5,
-0.8269116775,0,
-0.8251333729,56.25,
-0.8233550682,56.25,
-0.8215767635,56.25,
-0.8197984588,56.25,
-0.8180201541,56.25,
-0.8162418494,0,
-0.8144635448,0,
-0.8126852401,56.25,
-0.8109069354,112.5,
-0.8091286307,112.5,
-0.807350326,56.25,
-0.8055720213,56.25,
-0.8037937167,56.25,
-0.802015412,0,
-0.8002371073,0,
-0.7984588026,0,
-0.7966804979,0,
-0.7949021932,112.5,
-0.7931238886,0,
-0.7913455839,112.5,
-0.7895672792,0,
-0.7877889745,168.75,
-0.7860106698,168.75,
-0.7842323651,168.75,
-0.7824540605,56.25,
-0.7806757558,0,
-0.7788974511,0,
-0.7771191464,281.25,
-0.7753408417,56.25,
-0.773562537,0,
-0.7717842324,56.25,
-0.7700059277,0,
-0.768227623,112.5,
-0.7664493183,112.5,
-0.7646710136,0,
-0.762892709,0,
-0.7611144043,56.25,
-0.7593360996,0,
-0.7575577949,56.25,
-0.7557794902,0,
-0.7540011855,0,
-0.7522228809,56.25,
-0.7504445762,112.5,
-0.7486662715,56.25,
-0.7468879668,168.75,
-0.7451096621,0,
-0.7433313574,0,
-0.7415530528,112.5,
-0.7397747481,56.25,
-0.7379964434,0,
-0.7362181387,0,
-0.734439834,112.5,
-0.7326615293,0,
-0.7308832247,0,
-0.72910492,0,
-0.7273266153,56.25,
-0.7255483106,56.25,
-0.7237700059,112.5,
-0.7219917012,112.5,
-0.7202133966,56.25,
-0.7184350919,112.5,
-0.7166567872,0,
-0.7148784825,112.5,
-0.7131001778,168.75,
-0.7113218731,56.25,
-0.7095435685,0,
-0.7077652638,56.25,
-0.7059869591,0,
-0.7042086544,0,
-0.7024303497,0,
-0.7006520451,56.25,
-0.6988737404,0,
-0.6970954357,56.25,
-0.695317131,56.25,
-0.6935388263,112.5,
-0.6917605216,56.25,
-0.689982217,0,
-0.6882039123,0,
-0.6864256076,0,
-0.6846473029,0,
-0.6828689982,56.25,
-0.6810906935,56.25,
-0.6793123889,56.25,
-0.6775340842,56.25,
-0.6757557795,56.25,
-0.6739774748,281.25,
-0.6721991701,0,
-0.6704208654,0,
-0.6686425608,56.25,
-0.6668642561,0,
-0.6650859514,56.25,
-0.6633076467,112.5,
-0.661529342,56.25,
-0.6597510373,56.25,
-0.6579727327,56.25,
-0.656194428,0,
-0.6544161233,112.5,
-0.6526378186,0,
-0.6508595139,0,
-0.6490812092,112.5,
-0.6473029046,0,
-0.6455245999,0,
-0.6437462952,0,
-0.6419679905,56.25,
-0.6401896858,112.5,
-0.6384113811,0,
-0.6366330765,168.75,
-0.6348547718,112.5,
-0.6330764671,0,
-0.6312981624,0,
-0.6295198577,0,
-0.6277415531,56.25,
-0.6259632484,112.5,
-0.6241849437,56.25,
-0.622406639,112.5,
-0.6206283343,56.25,
-0.6188500296,0,
-0.617071725,56.25,
-0.6152934203,281.25,
-0.6135151156,56.25,
-0.6117368109,112.5,
-0.6099585062,0,
-0.6081802015,56.25,
-0.6064018969,56.25,
-0.6046235922,56.25,
-0.6028452875,0,
-0.6010669828,0,
-0.5992886781,56.25,
-0.5975103734,56.25,
-0.5957320688,56.25,
-0.5939537641,0,
-0.5921754594,56.25,
-0.5903971547,0,
-0.58861885,56.25,
-0.5868405453,112.5,
-0.5850622407,56.25,
-0.583283936,0,
-0.5815056313,56.25,
-0.5797273266,0,
-0.5779490219,112.5,
-0.5761707172,112.5,
-0.5743924126,0,
-0.5726141079,112.5,
-0.5708358032,112.5,
-0.5690574985,56.25,
-0.5672791938,56.25,
-0.5655008892,0,
-0.5637225845,0,
-0.5619442798,112.5,
-0.5601659751,0,
-0.5583876704,0,
-0.5566093657,0,
-0.5548310611,56.25,
-0.5530527564,56.25,
-0.5512744517,0,
-0.549496147,112.5,
-0.5477178423,168.75,
-0.5459395376,0,
-0.544161233,168.75,
-0.5423829283,56.25,
-0.5406046236,0,
-0.5388263189,0,
-0.5370480142,168.75,
-0.5352697095,112.5,
-0.5334914049,0,
-0.5317131002,225,
-0.5299347955,56.25,
-0.5281564908,0,
-0.5263781861,112.5,
-0.5245998814,0,
-0.5228215768,0,
-0.5210432721,0,
-0.5192649674,0,
-0.5174866627,112.5,
-0.515708358,0,
-0.5139300533,0,
-0.5121517487,56.25,
-0.510373444,112.5,
-0.5085951393,0,
-0.5068168346,112.5,
-0.5050385299,112.5,
-0.5032602253,0,
-0.5014819206,112.5,
-0.4997036159,56.25,
-0.4979253112,112.5,
-0.4961470065,0,
-0.4943687018,0,
-0.4925903972,168.75,
-0.4908120925,337.5,
-0.4890337878,0,
-0.4872554831,0,
-0.4854771784,56.25,
-0.4836988737,112.5,
-0.4819205691,112.5,
-0.4801422644,0,
-0.4783639597,0,
-0.476585655,112.5,
-0.4748073503,0,
-0.4730290456,56.25,
-0.471250741,281.25,
-0.4694724363,56.25,
-0.4676941316,0,
-0.4659158269,112.5,
-0.4641375222,56.25,
-0.4623592175,0,
-0.4605809129,56.25,
-0.4588026082,56.25,
-0.4570243035,0,
-0.4552459988,168.75,
-0.4534676941,0,
-0.4516893894,0,
-0.4499110848,168.75,
-0.4481327801,56.25,
-0.4463544754,0,
-0.4445761707,56.25,
-0.442797866,56.25,
-0.4410195614,112.5,
-0.4392412567,56.25,
-0.437462952,112.5,
-0.4356846473,281.25,
-0.4339063426,168.75,
-0.4321280379,0,
-0.4303497333,0,
-0.4285714286,56.25,
-0.4267931239,56.25,
-0.4250148192,112.5,
-0.4232365145,56.25,
-0.4214582098,0,
-0.4196799052,112.5,
-0.4179016005,0,
-0.4161232958,0,
-0.4143449911,0,
-0.4125666864,56.25,
-0.4107883817,112.5,
-0.4090100771,56.25,
-0.4072317724,112.5,
-0.4054534677,56.25,
-0.403675163,56.25,
-0.4018968583,0,
-0.4001185536,112.5,
-0.398340249,168.75,
-0.3965619443,56.25,
-0.3947836396,56.25,
-0.3930053349,56.25,
-0.3912270302,112.5,
-0.3894487255,0,
-0.3876704209,112.5,
-0.3858921162,56.25,
-0.3841138115,112.5,
-0.3823355068,281.25,
-0.3805572021,56.25,
-0.3787788975,112.5,
-0.3770005928,0,
-0.3752222881,168.75,
-0.3734439834,56.25,
-0.3716656787,56.25,
-0.369887374,56.25,
-0.3681090694,56.25,
-0.3663307647,0,
-0.36455246,0,
-0.3627741553,225,
-0.3609958506,56.25,
-0.3592175459,56.25,
-0.3574392413,0,
-0.3556609366,168.75,
-0.3538826319,112.5,
-0.3521043272,168.75,
-0.3503260225,0,
-0.3485477178,56.25,
-0.3467694132,0,
-0.3449911085,168.75,
-0.3432128038,112.5,
-0.3414344991,112.5,
-0.3396561944,0,
-0.3378778897,168.75,
-0.3360995851,56.25,
-0.3343212804,112.5,
-0.3325429757,56.25,
-0.330764671,56.25,
-0.3289863663,0,
-0.3272080616,112.5,
-0.325429757,56.25,
-0.3236514523,56.25,
-0.3218731476,168.75,
-0.3200948429,225,
-0.3183165382,0,
-0.3165382336,56.25,
-0.3147599289,112.5,
-0.3129816242,112.5,
-0.3112033195,168.75,
-0.3094250148,56.25,
-0.3076467101,168.75,
-0.3058684055,0,
-0.3040901008,0,
-0.3023117961,0,
-0.3005334914,0,
-0.2987551867,112.5,
-0.296976882,112.5,
-0.2951985774,56.25,
-0.2934202727,0,
-0.291641968,56.25,
-0.2898636633,112.5,
-0.2880853586,56.25,
-0.2863070539,0,
-0.2845287493,56.25,
-0.2827504446,112.5,
-0.2809721399,112.5,
-0.2791938352,112.5,
-0.2774155305,0,
-0.2756372258,56.25,
-0.2738589212,56.25,
-0.2720806165,0,
-0.2703023118,56.25,
-0.2685240071,56.25,
-0.2667457024,0,
-0.2649673977,0,
-0.2631890931,112.5,
-0.2614107884,0,
-0.2596324837,56.25,
-0.257854179,0,
-0.2560758743,168.75,
-0.2542975697,112.5,
-0.252519265,168.75,
-0.2507409603,56.25,
-0.2489626556,112.5,
-0.2471843509,112.5,
-0.2454060462,0,
-0.2436277416,0,
-0.2418494369,225,
-0.2400711322,56.25,
-0.2382928275,56.25,
-0.2365145228,0,
-0.2347362181,112.5,
-0.2329579135,112.5,
-0.2311796088,56.25,
-0.2294013041,56.25,
-0.2276229994,0,
-0.2258446947,112.5,
-0.22406639,0,
-0.2222880854,112.5,
-0.2205097807,112.5,
-0.218731476,0,
-0.2169531713,56.25,
-0.2151748666,56.25,
-0.2133965619,0,
-0.2116182573,112.5,
-0.2098399526,56.25,
-0.2080616479,56.25,
-0.2062833432,0,
-0.2045050385,168.75,
-0.2027267338,0,
-0.2009484292,0,
-0.1991701245,0,
-0.1973918198,112.5,
-0.1956135151,56.25,
-0.1938352104,56.25,
-0.1920569057,112.5,
-0.1902786011,0,
-0.1885002964,168.75,
-0.1867219917,112.5,
-0.184943687,56.25,
-0.1831653823,0,
-0.1813870777,56.25,
-0.179608773,56.25,
-0.1778304683,0,
-0.1760521636,225,
-0.1742738589,56.25,
-0.1724955542,112.5,
-0.1707172496,56.25,
-0.1689389449,56.25,
-0.1671606402,0,
-0.1653823355,0,
-0.1636040308,0,
-0.1618257261,112.5,
-0.1600474215,56.25,
-0.1582691168,225,
-0.1564908121,0,
-0.1547125074,0,
-0.1529342027,112.5,
-0.151155898,112.5,
-0.1493775934,56.25,
-0.1475992887,0,
-0.145820984,0,
-0.1440426793,0,
-0.1422643746,168.75,
-0.1404860699,0,
-0.1387077653,168.75,
-0.1369294606,112.5,
-0.1351511559,56.25,
-0.1333728512,0,
-0.1315945465,56.25,
-0.1298162418,0,
-0.1280379372,56.25,
-0.1262596325,56.25,
-0.1244813278,0,
-0.1227030231,56.25,
-0.1209247184,56.25,
-0.1191464138,225,
-0.1173681091,112.5,
-0.1155898044,0,
-0.1138114997,0,
-0.112033195,56.25,
-0.1102548903,112.5,
-0.1084765857,0,
-0.106698281,112.5,
-0.1049199763,112.5,
-0.1031416716,56.25,
-0.1013633669,56.25,
-0.09958506224,0,
-0.09780675756,56.25,
-0.09602845287,56.25,
-0.09425014819,0,
-0.09247184351,112.5,
-0.09069353883,56.25,
-0.08891523414,112.5,
-0.08713692946,56.25,
-0.08535862478,112.5,
-0.08358032009,56.25,
-0.08180201541,112.5,
-0.08002371073,168.75,
-0.07824540605,0,
-0.07646710136,56.25,
-0.07468879668,0,
-0.072910492,56.25,
-0.07113218731,112.5,
-0.06935388263,112.5,
-0.06757557795,0,
-0.06579727327,56.25,
-0.06401896858,0,
-0.0622406639,56.25,
-0.06046235922,56.25,
-0.05868405453,0,
-0.05690574985,56.25,
-0.05512744517,112.5,
-0.05334914049,56.25,
-0.0515708358,56.25,
-0.04979253112,112.5,
-0.04801422644,56.25,
-0.04623592175,0,
-0.04445761707,112.5,
-0.04267931239,56.25,
-0.04090100771,0,
-0.03912270302,56.25,
-0.03734439834,56.25,
-0.03556609366,112.5,
-0.03378778897,56.25,
-0.03200948429,56.25,
-0.03023117961,56.25,
-0.02845287493,112.5,
-0.02667457024,0,
-0.02489626556,56.25,
-0.02311796088,56.25,
-0.02133965619,168.75,
-0.01956135151,112.5,
-0.01778304683,0,
-0.01600474215,281.25,
-0.01422643746,0,
-0.01244813278,281.25,
-0.0106698281,0,
-0.008891523414,0,
-0.007113218731,0,
-0.005334914049,112.5,
-0.003556609366,0,
-0.001778304683,112.5,
0,112.5,
0.001778304683,0,
0.003556609366,56.25,
0.005334914049,56.25,
0.007113218731,56.25,
0.008891523414,281.25,
0.0106698281,0,
0.01244813278,0,
0.01422643746,0,
0.01600474215,0,
0.01778304683,56.25,
0.01956135151,56.25,
0.02133965619,168.75,
0.02311796088,168.75,
0.02489626556,0,
0.02667457024,0,
0.02845287493,0,
0.03023117961,56.25,
0.03200948429,0,
0.03378778897,56.25,
0.03556609366,168.75,
0.03734439834,56.25,
0.03912270302,168.75,
0.04090100771,56.25,
0.04267931239,112.5,
0.04445761707,112.5,
0.04623592175,112.5,
0.04801422644,0,
0.04979253112,0,
0.0515708358,0,
0.05334914049,56.25,
0.05512744517,112.5,
0.05690574985,112.5,
0.05868405453,168.75,
0.06046235922,168.75,
0.0622406639,112.5,
0.06401896858,0,
0.06579727327,56.25,
0.06757557795,56.25,
0.06935388263,0,
0.07113218731,0,
0.072910492,112.5,
0.07468879668,56.25,
0.07646710136,168.75,
0.07824540605,168.75,
0.08002371073,168.75,
0.08180201541,56.25,
0.08358032009,168.75,
0.08535862478,56.25,
0.08713692946,0,
0.08891523414,112.5,
0.09069353883,56.25,
0.09247184351,225,
0.09425014819,168.75,
0.09602845287,0,
0.09780675756,56.25,
0.09958506224,0,
0.1013633669,0,
0.1031416716,225,
0.1049199763,0,
0.106698281,56.25,
0.1084765857,56.25,
0.1102548903,56.25,
0.112033195,112.5,
0.1138114997,0,
0.1155898044,0,
0.1173681091,112.5,
0.1191464138,0,
0.1209247184,56.25,
0.1227030231,112.5,
0.1244813278,56.25,
0.1262596325,56.25,
0.1280379372,56.25,
0.1298162418,0,
0.1315945465,168.75,
0.1333728512,56.25,
0.1351511559,56.25,
0.1369294606,56.25,
0.1387077653,56.25,
0.1404860699,0,
0.1422643746,168.75,
0.1440426793,56.25,
0.145820984,112.5,
0.1475992887,0,
0.1493775934,56.25,
0.151155898,168.75,
0.1529342027,56.25,
0.1547125074,0,
0.1564908121,112.5,
0.1582691168,112.5,
0.1600474215,56.25,
0.1618257261,56.25,
0.1636040308,56.25,
0.1653823355,0,
0.1671606402,0,
0.1689389449,56.25,
0.1707172496,0,
0.1724955542,112.5,
0.1742738589,168.75,
0.1760521636,112.5,
0.1778304683,168.75,
0.179608773,225,
0.1813870777,56.25,
0.1831653823,112.5,
0.184943687,112.5,
0.1867219917,0,
0.1885002964,0,
0.1902786011,168.75,
0.1920569057,56.25,
0.1938352104,0,
0.1956135151,225,
0.1973918198,56.25,
0.1991701245,0,
0.2009484292,0,
0.2027267338,56.25,
0.2045050385,0,
0.2062833432,0,
0.2080616479,0,
0.2098399526,112.5,
0.2116182573,0,
0.2133965619,112.5,
0.2151748666,112.5,
0.2169531713,56.25,
0.218731476,56.25,
0.2205097807,112.5,
0.2222880854,56.25,
0.22406639,112.5,
0.2258446947,0,
0.2276229994,0,
0.2294013041,0,
0.2311796088,56.25,
0.2329579135,112.5,
0.2347362181,56.25,
0.2365145228,112.5,
0.2382928275,0,
0.2400711322,0,
0.2418494369,0,
0.2436277416,56.25,
0.2454060462,0,
0.2471843509,0,
0.2489626556,56.25,
0.2507409603,56.25,
0.252519265,0,
0.2542975697,56.25,
0.2560758743,56.25,
0.257854179,56.25,
0.2596324837,56.25,
0.2614107884,112.5,
0.2631890931,0,
0.2649673977,0,
0.2667457024,112.5,
0.2685240071,56.25,
0.2703023118,56.25,
0.2720806165,56.25,
0.2738589212,56.25,
0.2756372258,56.25,
0.2774155305,0,
0.2791938352,0,
0.2809721399,168.75,
0.2827504446,0,
0.2845287493,56.25,
0.2863070539,112.5,
0.2880853586,112.5,
0.2898636633,56.25,
0.291641968,56.25,
0.2934202727,112.5,
0.2951985774,112.5,
0.296976882,112.5,
0.2987551867,112.5,
0.3005334914,112.5,
0.3023117961,112.5,
0.3040901008,56.25,
0.3058684055,0,
0.3076467101,0,
0.3094250148,112.5,
0.3112033195,0,
0.3129816242,0,
0.3147599289,0,
0.3165382336,56.25,
0.3183165382,0,
0.3200948429,56.25,
0.3218731476,0,
0.3236514523,0,
0.325429757,168.75,
0.3272080616,0,
0.3289863663,112.5,
0.330764671,112.5,
0.3325429757,168.75,
0.3343212804,0,
0.3360995851,56.25,
0.3378778897,0,
0.3396561944,168.75,
0.3414344991,0,
0.3432128038,0,
0.3449911085,112.5,
0.3467694132,112.5,
0.3485477178,56.25,
0.3503260225,0,
0.3521043272,0,
0.3538826319,0,
0.3556609366,112.5,
0.3574392413,0,
0.3592175459,56.25,
0.3609958506,112.5,
0.3627741553,0,
0.36455246,112.5,
0.3663307647,56.25,
0.3681090694,56.25,
0.369887374,56.25,
0.3716656787,0,
0.3734439834,56.25,
0.3752222881,112.5,
0.3770005928,56.25,
0.3787788975,112.5,
0.3805572021,56.25,
0.3823355068,56.25,
0.3841138115,56.25,
0.3858921162,56.25,
0.3876704209,0,
0.3894487255,0,
0.3912270302,56.25,
0.3930053349,112.5,
0.3947836396,0,
0.3965619443,56.25,
0.398340249,0,
0.4001185536,56.25,
0.4018968583,0,
0.403675163,56.25,
0.4054534677,0,
0.4072317724,281.25,
0.4090100771,0,
0.4107883817,0,
0.4125666864,56.25,
0.4143449911,56.25,
0.4161232958,56.25,
0.4179016005,0,
0.4196799052,225,
0.4214582098,56.25,
0.4232365145,0,
0.4250148192,0,
0.4267931239,56.25,
0.4285714286,112.5,
0.4303497333,0,
0.4321280379,56.25,
0.4339063426,0,
0.4356846473,168.75,
0.437462952,168.75,
0.4392412567,0,
0.4410195614,0,
0.442797866,56.25,
0.4445761707,168.75,
0.4463544754,168.75,
0.4481327801,0,
0.4499110848,0,
0.4516893894,56.25,
0.4534676941,112.5,
0.4552459988,56.25,
0.4570243035,168.75,
0.4588026082,0,
0.4605809129,0,
0.4623592175,0,
0.4641375222,56.25,
0.4659158269,168.75,
0.4676941316,56.25,
0.4694724363,0,
0.471250741,0,
0.4730290456,56.25,
0.4748073503,0,
0.476585655,56.25,
0.4783639597,0,
0.4801422644,56.25,
0.4819205691,112.5,
0.4836988737,0,
0.4854771784,168.75,
0.4872554831,225,
0.4890337878,281.25,
0.4908120925,56.25,
0.4925903972,0,
0.4943687018,56.25,
0.4961470065,112.5,
0.4979253112,0,
0.4997036159,281.25,
0.5014819206,0,
0.5032602253,0,
0.5050385299,56.25,
0.5068168346,0,
0.5085951393,0,
0.510373444,0,
0.5121517487,0,
0.5139300533,56.25,
0.515708358,0,
0.5174866627,56.25,
0.5192649674,0,
0.5210432721,168.75,
0.5228215768,168.75,
0.5245998814,56.25,
0.5263781861,168.75,
0.5281564908,0,
0.5299347955,112.5,
0.5317131002,0,
0.5334914049,168.75,
0.5352697095,56.25,
0.5370480142,56.25,
0.5388263189,112.5,
0.5406046236,56.25,
0.5423829283,112.5,
0.544161233,56.25,
0.5459395376,112.5,
0.5477178423,0,
0.549496147,281.25,
0.5512744517,56.25,
0.5530527564,0,
0.5548310611,112.5,
0.5566093657,56.25,
0.5583876704,0,
0.5601659751,168.75,
0.5619442798,56.25,
0.5637225845,0,
0.5655008892,112.5,
0.5672791938,0,
0.5690574985,56.25,
0.5708358032,56.25,
0.5726141079,56.25,
0.5743924126,56.25,
0.5761707172,56.25,
0.5779490219,0,
0.5797273266,56.25,
0.5815056313,0,
0.583283936,56.25,
0.5850622407,0,
0.5868405453,56.25,
0.58861885,0,
0.5903971547,0,
0.5921754594,0,
0.5939537641,56.25,
0.5957320688,56.25,
0.5975103734,0,
0.5992886781,56.25,
0.6010669828,112.5,
0.6028452875,56.25,
0.6046235922,56.25,
0.6064018969,56.25,
0.6081802015,56.25,
0.6099585062,0,
0.6117368109,0,
0.6135151156,168.75,
0.6152934203,0,
0.617071725,112.5,
0.6188500296,56.25,
0.6206283343,56.25,
0.622406639,56.25,
0.6241849437,168.75,
0.6259632484,56.25,
0.6277415531,0,
0.6295198577,0,
0.6312981624,112.5,
0.6330764671,56.25,
0.6348547718,0,
0.6366330765,56.25,
0.6384113811,112.5,
0.6401896858,56.25,
0.6419679905,112.5,
0.6437462952,168.75,
0.6455245999,56.25,
0.6473029046,56.25,
0.6490812092,0,
0.6508595139,56.25,
0.6526378186,56.25,
0.6544161233,0,
0.656194428,0,
0.6579727327,225,
0.6597510373,0,
0.661529342,56.25,
0.6633076467,0,
0.6650859514,0,
0.6668642561,281.25,
0.6686425608,0,
0.6704208654,0,
0.6721991701,112.5,
0.6739774748,56.25,
0.6757557795,112.5,
0.6775340842,168.75,
0.6793123889,0,
0.6810906935,112.5,
0.6828689982,56.25,
0.6846473029,56.25,
0.6864256076,225,
0.6882039123,168.75,
0.689982217,112.5,
0.6917605216,112.5,
0.6935388263,0,
0.695317131,56.25,
0.6970954357,0,
0.6988737404,0,
0.7006520451,0,
0.7024303497,168.75,
0.7042086544,112.5,
0.7059869591,56.25,
0.7077652638,112.5,
0.7095435685,168.75,
0.7113218731,112.5,
0.7131001778,0,
0.7148784825,0,
0.7166567872,0,
0.7184350919,56.25,
0.7202133966,0,
0.7219917012,0,
0.7237700059,0,
0.7255483106,56.25,
0.7273266153,0,
0.72910492,56.25,
0.7308832247,56.25,
0.7326615293,0,
0.734439834,56.25,
0.7362181387,56.25,
0.7379964434,56.25,
0.7397747481,56.25,
0.7415530528,0,
0.7433313574,56.25,
0.7451096621,56.25,
0.7468879668,112.5,
0.7486662715,56.25,
0.7504445762,56.25,
0.7522228809,56.25,
0.7540011855,56.25,
0.7557794902,0,
0.7575577949,56.25,
0.7593360996,112.5,
0.7611144043,112.5,
0.762892709,0,
0.7646710136,112.5,
0.7664493183,0,
0.768227623,168.75,
0.7700059277,56.25,
0.7717842324,56.25,
0.773562537,0,
0.7753408417,112.5,
0.7771191464,0,
0.7788974511,0,
0.7806757558,0,
0.7824540605,56.25,
0.7842323651,56.25,
0.7860106698,225,
0.7877889745,56.25,
0.7895672792,0,
0.7913455839,112.5,
0.7931238886,0,
0.7949021932,0,
0.7966804979,112.5,
0.7984588026,56.25,
0.8002371073,56.25,
0.802015412,0,
0.8037937167,0,
0.8055720213,0,
0.807350326,0,
0.8091286307,0,
0.8109069354,0,
0.8126852401,56.25,
0.8144635448,0,
0.8162418494,0,
0.8180201541,0,
0.8197984588,56.25,
0.8215767635,0,
0.8233550682,56.25,
0.8251333729,112.5,
0.8269116775,112.5,
0.8286899822,0,
0.8304682869,56.25,
0.8322465916,168.75,
0.8340248963,56.25,
0.8358032009,168.75,
0.8375815056,56.25,
0.8393598103,0,
0.841138115,0,
0.8429164197,225,
0.8446947244,112.5,
0.846473029,112.5,
0.8482513337,168.75,
0.8500296384,0,
0.8518079431,112.5,
0.8535862478,56.25,
0.8553645525,112.5,
0.8571428571,168.75,
0.8589211618,112.5,
0.8606994665,56.25,
0.8624777712,0,
0.8642560759,0,
0.8660343806,112.5,
0.8678126852,0,
0.8695909899,0,
0.8713692946,0,
0.8731475993,0,
0.874925904,56.25,
0.8767042087,56.25,
0.8784825133,56.25,
0.880260818,56.25,
0.8820391227,56.25,
0.8838174274,0,
0.8855957321,56.25,
0.8873740368,0,
0.8891523414,0,
0.8909306461,56.25,
0.8927089508,168.75,
0.8944872555,0,
0.8962655602,112.5,
0.8980438648,56.25,
0.8998221695,0,
0.9016004742,56.25,
0.9033787789,112.5,
0.9051570836,112.5,
0.9069353883,0,
0.9087136929,0,
0.9104919976,112.5,
0.9122703023,112.5,
0.914048607,112.5,
0.9158269117,0,
0.9176052164,0,
0.919383521,112.5,
0.9211618257,112.5,
0.9229401304,56.25,
0.9247184351,0,
0.9264967398,56.25,
0.9282750445,112.5,
0.9300533491,225,
0.9318316538,56.25,
0.9336099585,0,
0.9353882632,56.25,
0.9371665679,56.25,
0.9389448726,0,
0.9407231772,0,
0.9425014819,0,
0.9442797866,56.25,
0.9460580913,0,
0.947836396,0,
0.9496147007,112.5,
0.9513930053,56.25,
0.95317131,56.25,
0.9549496147,0,
0.9567279194,56.25,
0.9585062241,56.25,
0.9602845287,0,
0.9620628334,112.5,
0.9638411381,56.25,
0.9656194428,112.5,
0.9673977475,56.25,
0.9691760522,0,
0.9709543568,56.25,
0.9727326615,112.5,
0.9745109662,112.5,
0.9762892709,0,
0.9780675756,112.5,
0.9798458803,168.75,
0.9816241849,0,
0.9834024896,56.25,
0.9851807943,168.75,
0.986959099,0,
0.9887374037,0,
0.9905157084,56.25,
0.992294013,56.25,
0.9940723177,281.25,
0.9958506224,112.5,
0.9976289271,168.75,
0.9994072318,56.25,
1.001185536,225,
1.002963841,56.25,
1.004742146,56.25,
1.006520451,112.5,
1.008298755,225,
1.01007706,168.75,
1.011855365,0,
1.013633669,56.25,
1.015411974,56.25,
1.017190279,56.25,
1.018968583,56.25,
1.020746888,112.5,
1.022525193,56.25,
1.024303497,112.5,
1.026081802,168.75,
1.027860107,56.25,
1.029638411,0,
1.031416716,56.25,
1.033195021,56.25,
1.034973325,0,
1.03675163,56.25,
1.038529935,0,
1.040308239,112.5,
1.042086544,0,
1.043864849,56.25,
1.045643154,56.25,
1.047421458,56.25,
1.049199763,56.25,
1.050978068,56.25,
1.052756372,112.5,
1.054534677,112.5,
1.056312982,0,
1.058091286,56.25,
1.059869591,112.5,
1.061647896,56.25,
1.0634262,0,
1.065204505,56.25,
1.06698281,56.25,
1.068761114,112.5,
1.070539419,56.25,
1.072317724,168.75,
1.074096028,112.5,
1.075874333,0,
1.077652638,56.25,
1.079430943,0,
1.081209247,225,
1.082987552,0,
1.084765857,112.5,
1.086544161,168.75,
1.088322466,0,
1.090100771,56.25,
1.091879075,56.25,
1.09365738,0,
1.095435685,56.25,
1.097213989,0,
1.098992294,0,
1.100770599,0,
1.102548903,56.25,
1.104327208,0,
1.106105513,56.25,
1.107883817,0,
1.109662122,56.25,
1.111440427,0,
1.113218731,56.25,
1.114997036,56.25,
1.116775341,112.5,
1.118553646,0,
1.12033195,112.5,
1.122110255,0,
1.12388856,56.25,
1.125666864,0,
1.127445169,112.5,
1.129223474,56.25,
1.131001778,112.5,
1.132780083,0,
1.134558388,0,
1.136336692,56.25,
1.138114997,0,
1.139893302,0,
1.141671606,56.25,
1.143449911,56.25,
1.145228216,56.25,
1.14700652,112.5,
1.148784825,56.25,
1.15056313,0,
1.152341434,0,
1.154119739,0,
1.155898044,0,
1.157676349,0,
1.159454653,0,
1.161232958,0,
1.163011263,168.75,
1.164789567,168.75,
1.166567872,0,
1.168346177,225,
1.170124481,168.75,
1.171902786,0,
1.173681091,112.5,
1.175459395,0,
1.1772377,56.25,
1.179016005,56.25,
1.180794309,56.25,
1.182572614,168.75,
1.184350919,112.5,
1.186129223,0,
1.187907528,56.25,
1.189685833,56.25,
1.191464138,0,
1.193242442,112.5,
1.195020747,0,
1.196799052,168.75,
1.198577356,112.5,
1.200355661,56.25,
1.202133966,112.5,
1.20391227,0,
1.205690575,112.5,
1.20746888,112.5,
1.209247184,56.25,
1.211025489,0,
1.212803794,0,
1.214582098,0,
1.216360403,112.5,
1.218138708,56.25,
1.219917012,0,
1.221695317,0,
1.223473622,112.5,
1.225251926,0,
1.227030231,0,
1.228808536,56.25,
1.230586841,0,
1.232365145,168.75,
1.23414345,0,
1.235921755,0,
1.237700059,168.75,
1.239478364,168.75,
1.241256669,112.5,
1.243034973,0,
1.244813278,56.25,
1.246591583,112.5,
1.248369887,56.25,
1.250148192,112.5,
1.251926497,0,
1.253704801,0,
1.255483106,56.25,
1.257261411,56.25,
1.259039715,0,
1.26081802,0,
1.262596325,112.5,
1.26437463,0,
1.266152934,168.75,
1.267931239,0,
1.269709544,0,
1.271487848,56.25,
1.273266153,0,
1.275044458,0,
1.276822762,56.25,
1.278601067,112.5,
1.280379372,56.25,
1.282157676,112.5,
1.283935981,168.75,
1.285714286,0,
1.28749259,56.25,
1.289270895,0,
1.2910492,56.25,
1.292827504,56.25,
1.294605809,56.25,
1.296384114,112.5,
1.298162418,56.25,
1.299940723,56.25,
1.301719028,112.5,
1.303497333,0,
1.305275637,0,
1.307053942,112.5,
1.308832247,168.75,
1.310610551,56.25,
1.312388856,0,
1.314167161,112.5,
1.315945465,0,
1.31772377,112.5,
1.319502075,56.25,
1.321280379,0,
1.323058684,112.5,
1.324836989,56.25,
1.326615293,0,
1.328393598,112.5,
1.330171903,56.25,
1.331950207,0,
1.333728512,0,
1.335506817,0,
1.337285122,0,
1.339063426,0,
1.340841731,56.25,
1.342620036,0,
1.34439834,56.25,
1.346176645,56.25,
1.34795495,112.5,
1.349733254,0,
1.351511559,112.5,
1.353289864,0,
1.355068168,112.5,
1.356846473,56.25,
1.358624778,0,
1.360403082,0,
1.362181387,112.5,
1.363959692,0,
1.365737996,56.25,
1.367516301,56.25,
1.369294606,56.25,
1.37107291,56.25,
1.372851215,0,
1.37462952,56.25,
1.376407825,0,
1.378186129,112.5,
1.379964434,56.25,
1.381742739,56.25,
1.383521043,56.25,
1.385299348,56.25,
1.387077653,168.75,
1.388855957,0,
1.390634262,112.5,
1.392412567,56.25,
1.394190871,112.5,
1.395969176,168.75,
1.397747481,0,
1.399525785,0,
1.40130409,56.25,
1.403082395,0,
1.404860699,56.25,
1.406639004,0,
1.408417309,225,
1.410195614,0,
1.411973918,56.25,
1.413752223,56.25,
1.415530528,56.25,
1.417308832,0,
1.419087137,56.25,
1.420865442,0,
1.422643746,0,
1.424422051,0,
1.426200356,0,
1.42797866,168.75,
1.429756965,112.5,
1.43153527,112.5,
1.433313574,56.25,
1.435091879,56.25,
1.436870184,112.5,
1.438648488,56.25,
1.440426793,0,
1.442205098,0,
1.443983402,56.25,
1.445761707,0,
1.447540012,0,
1.449318317,56.25,
1.451096621,225,
1.452874926,112.5,
1.454653231,56.25,
1.456431535,0,
1.45820984,56.25,
1.459988145,0,
1.461766449,0,
1.463544754,56.25,
1.465323059,0,
1.467101363,56.25,
1.468879668,168.75,
1.470657973,56.25,
1.472436277,0,
1.474214582,0,
1.475992887,56.25,
1.477771191,112.5,
1.479549496,0,
1.481327801,56.25,
1.483106106,56.25,
1.48488441,112.5,
1.486662715,56.25,
1.48844102,225,
1.490219324,56.25,
1.491997629,56.25,
1.493775934,56.25,
1.495554238,112.5,
1.497332543,56.25,
1.499110848,0,
1.500889152,56.25,
1.502667457,112.5,
1.504445762,112.5,
1.506224066,112.5,
1.508002371,0,
1.509780676,112.5,
1.51155898,168.75,
1.513337285,0,
1.51511559,0,
1.516893894,56.25,
1.518672199,112.5,
1.520450504,112.5,
1.522228809,0,
1.524007113,56.25,
1.525785418,0,
1.527563723,0,
1.529342027,56.25,
1.531120332,56.25,
1.532898637,56.25,
1.534676941,0,
1.536455246,0,
1.538233551,0,
1.540011855,112.5,
1.54179016,225,
1.543568465,168.75,
1.545346769,56.25,
1.547125074,0,
1.548903379,0,
1.550681683,112.5,
1.552459988,56.25,
1.554238293,0,
1.556016598,56.25,
1.557794902,112.5,
1.559573207,0,
1.561351512,56.25,
1.563129816,0,
1.564908121,225,
1.566686426,0,
1.56846473,0,
1.570243035,0,
1.57202134,0,
1.573799644,112.5,
1.575577949,56.25,
1.577356254,281.25,
1.579134558,0,
1.580912863,112.5,
1.582691168,56.25,
1.584469472,225,
1.586247777,0,
1.588026082,0,
1.589804386,56.25,
1.591582691,112.5,
1.593360996,112.5,
1.595139301,56.25,
1.596917605,0,
1.59869591,56.25,
1.600474215,0,
1.602252519,112.5,
1.604030824,168.75,
1.605809129,112.5,
1.607587433,112.5,
1.609365738,56.25,
1.611144043,0,
1.612922347,112.5,
1.614700652,168.75,
1.616478957,0,
1.618257261,56.25,
1.620035566,56.25,
1.621813871,56.25,
1.623592175,56.25,
1.62537048,112.5,
1.627148785,168.75,
1.62892709,0,
1.630705394,0,
1.632483699,168.75,
1.634262004,0,
1.636040308,0,
1.637818613,0,
1.639596918,168.75,
1.641375222,0,
1.643153527,56.25,
1.644931832,112.5,
1.646710136,56.25,
1.648488441,56.25,
1.650266746,0,
1.65204505,0,
1.653823355,56.25,
1.65560166,56.25,
1.657379964,56.25,
1.659158269,56.25,
1.660936574,168.75,
1.662714878,112.5,
1.664493183,0,
1.666271488,112.5,
1.668049793,56.25,
1.669828097,56.25,
1.671606402,0,
1.673384707,0,
1.675163011,225,
1.676941316,56.25,
1.678719621,112.5,
1.680497925,0,
1.68227623,112.5,
1.684054535,0,
1.685832839,0,
1.687611144,112.5,
1.689389449,56.25,
1.691167753,112.5,
1.692946058,56.25,
1.694724363,56.25,
1.696502667,56.25,
1.698280972,168.75,
1.700059277,56.25,
1.701837582,0,
1.703615886,0,
1.705394191,56.25,
1.707172496,0,
1.7089508,225,
1.710729105,112.5,
1.71250741,0,
1.714285714,112.5,
1.716064019,56.25,
1.717842324,0,
1.719620628,168.75,
1.721398933,112.5,
1.723177238,56.25,
1.724955542,0,
1.726733847,56.25,
1.728512152,0,
1.730290456,0,
1.732068761,0,
1.733847066,0,
1.73562537,56.25,
1.737403675,112.5,
1.73918198,56.25,
1.740960285,0,
1.742738589,0,
1.744516894,56.25,
1.746295199,168.75,
1.748073503,56.25,
1.749851808,56.25,
1.751630113,225,
1.753408417,112.5,
1.755186722,0,
1.756965027,112.5,
1.758743331,112.5,
1.760521636,0,
1.762299941,0,
1.764078245,0,
1.76585655,0,
1.767634855,112.5,
1.769413159,0,
1.771191464,112.5,
1.772969769,112.5,
1.774748074,56.25,
1.776526378,0,
1.778304683,112.5,
1.780082988,0,
1.781861292,0,
1.783639597,56.25,
1.785417902,0,
1.787196206,0,
1.788974511,112.5,
1.790752816,56.25,
1.79253112,56.25,
1.794309425,56.25,
1.79608773,112.5,
1.797866034,56.25,
1.799644339,56.25,
1.801422644,0,
1.803200948,0,
1.804979253,56.25,
1.806757558,56.25,
1.808535862,56.25,
1.810314167,112.5,
1.812092472,0,
1.813870777,0,
1.815649081,112.5,
1.817427386,0,
1.819205691,0,
1.820983995,0,
1.8227623,56.25,
1.824540605,0,
1.826318909,56.25,
1.828097214,0,
1.829875519,0,
1.831653823,0,
1.833432128,56.25,
1.835210433,56.25,
1.836988737,0,
1.838767042,0,
1.840545347,168.75,
1.842323651,0,
1.844101956,168.75,
1.845880261,112.5,
1.847658566,0,
1.84943687,0,
1.851215175,56.25,
1.85299348,0,
1.854771784,0,
1.856550089,112.5,
1.858328394,0,
1.860106698,56.25,
1.861885003,56.25,
1.863663308,56.25,
1.865441612,112.5,
1.867219917,0,
1.868998222,112.5,
1.870776526,56.25,
1.872554831,112.5,
1.874333136,56.25,
1.87611144,56.25,
1.877889745,112.5,
1.87966805,0,
1.881446354,168.75,
1.883224659,0,
1.885002964,0,
1.886781269,0,
1.888559573,56.25,
1.890337878,0,
1.892116183,0,
1.893894487,112.5,
1.895672792,0,
1.897451097,56.25,
1.899229401,56.25,
1.901007706,56.25,
1.902786011,56.25,
1.904564315,56.25,
1.90634262,0,
1.908120925,56.25,
1.909899229,56.25,
1.911677534,56.25,
1.913455839,56.25,
1.915234143,56.25,
1.917012448,56.25,
1.918790753,112.5,
1.920569057,112.5,
1.922347362,112.5,
1.924125667,56.25,
1.925903972,112.5,
1.927682276,112.5,
1.929460581,56.25,
1.931238886,0,
1.93301719,56.25,
1.934795495,225,
1.9365738,56.25,
1.938352104,56.25,
1.940130409,0,
1.941908714,0,
1.943687018,168.75,
1.945465323,168.75,
1.947243628,168.75,
1.949021932,168.75,
1.950800237,0,
1.952578542,0,
1.954356846,0,
1.956135151,56.25,
1.957913456,112.5,
1.959691761,112.5,
1.961470065,0,
1.96324837,0,
1.965026675,0,
1.966804979,0,
1.968583284,0,
1.970361589,112.5,
1.972139893,0,
1.973918198,0,
1.975696503,112.5,
1.977474807,0,
1.979253112,112.5,
1.981031417,56.25,
1.982809721,112.5,
1.984588026,0,
1.986366331,168.75,
1.988144635,112.5,
1.98992294,0,
1.991701245,0,
1.993479549,56.25,
1.995257854,0,
1.997036159,0,
1.998814464,112.5,
2.000592768,112.5,
2.002371073,56.25,
2.004149378,112.5,
2.005927682,56.25,
2.007705987,0,
2.009484292,56.25,
2.011262596,56.25,
2.013040901,56.25,
2.014819206,112.5,
2.01659751,56.25,
2.018375815,0,
2.02015412,112.5,
2.021932424,56.25,
2.023710729,0,
2.025489034,0,
2.027267338,56.25,
2.029045643,0,
2.030823948,0,
2.032602253,168.75,
2.034380557,56.25,
2.036158862,56.25,
2.037937167,0,
2.039715471,56.25,
2.041493776,0,
2.043272081,0,
2.045050385,56.25,
2.04682869,0,
2.048606995,112.5,
2.050385299,0,
2.052163604,56.25,
2.053941909,0,
2.055720213,0,
2.057498518,56.25,
2.059276823,56.25,
2.061055127,0,
2.062833432,168.75,
2.064611737,0,
2.066390041,56.25,
2.068168346,56.25,
2.069946651,112.5,
2.071724956,56.25,
2.07350326,56.25,
2.075281565,0,
2.07705987,112.5,
2.078838174,0,
2.080616479,168.75,
2.082394784,56.25,
2.084173088,56.25,
2.085951393,0,
2.087729698,168.75,
2.089508002,112.5,
2.091286307,0,
2.093064612,0,
2.094842916,112.5,
2.096621221,112.5,
2.098399526,112.5,
2.10017783,56.25,
2.101956135,0,
2.10373444,0,
2.105512745,0,
2.107291049,168.75,
2.109069354,56.25,
2.110847659,0,
2.112625963,56.25,
2.114404268,56.25,
2.116182573,168.75,
2.117960877,0,
2.119739182,112.5,
2.121517487,56.25,
2.123295791,112.5,
2.125074096,56.25,
2.126852401,168.75,
2.128630705,56.25,
2.13040901,225,
2.132187315,112.5,
2.133965619,56.25,
2.135743924,0,
2.137522229,56.25,
2.139300533,0,
2.141078838,0,
2.142857143,225,
2.144635448,56.25,
2.146413752,56.25,
2.148192057,56.25,
2.149970362,225,
2.151748666,112.5,
2.153526971,56.25,
2.155305276,0,
2.15708358,112.5,
2.158861885,112.5,
2.16064019,56.25,
2.162418494,56.25,
2.164196799,56.25,
2.165975104,168.75,
2.167753408,0,
2.169531713,168.75,
2.171310018,112.5,
2.173088322,0,
2.174866627,112.5,
2.176644932,56.25,
2.178423237,0,
2.180201541,56.25,
2.181979846,168.75,
2.183758151,0,
2.185536455,168.75,
2.18731476,0,
2.189093065,56.25,
2.190871369,0,
2.192649674,112.5,
2.194427979,168.75,
2.196206283,112.5,
2.197984588,168.75,
2.199762893,0,
2.201541197,168.75,
2.203319502,56.25,
2.205097807,56.25,
2.206876111,112.5,
2.208654416,0,
2.210432721,0,
2.212211025,112.5,
2.21398933,0,
2.215767635,56.25,
2.21754594,0,
2.219324244,168.75,
2.221102549,0,
2.222880854,56.25,
2.224659158,0,
2.226437463,0,
2.228215768,112.5,
2.229994072,281.25,
2.231772377,112.5,
2.233550682,112.5,
2.235328986,0,
2.237107291,0,
2.238885596,112.5,
2.2406639,56.25,
2.242442205,56.25,
2.24422051,0,
2.245998814,0,
2.247777119,0,
2.249555424,56.25,
2.251333729,112.5,
2.253112033,56.25,
2.254890338,56.25,
2.256668643,168.75,
2.258446947,56.25,
2.260225252,0,
2.262003557,56.25,
2.263781861,168.75,
2.265560166,168.75,
2.267338471,56.25,
2.269116775,112.5,
2.27089508,112.5,
2.272673385,112.5,
2.274451689,168.75,
2.276229994,56.25,
2.278008299,56.25,
2.279786603,112.5,
2.281564908,112.5,
2.283343213,168.75,
2.285121517,225,
2.286899822,56.25,
2.288678127,112.5,
2.290456432,112.5,
2.292234736,56.25,
2.294013041,0,
2.295791346,168.75,
2.29756965,112.5,
2.299347955,56.25,
2.30112626,56.25,
2.302904564,0,
2.304682869,56.25,
2.306461174,0,
2.308239478,0,
2.310017783,56.25,
2.311796088,0,
2.313574392,0,
2.315352697,112.5,
2.317131002,225,
2.318909306,112.5,
2.320687611,56.25,
2.322465916,56.25,
2.324244221,56.25,
2.326022525,0,
2.32780083,112.5,
2.329579135,56.25,
2.331357439,56.25,
2.333135744,0,
2.334914049,0,
2.336692353,0,
2.338470658,0,
2.340248963,0,
2.342027267,112.5,
2.343805572,0,
2.345583877,112.5,
2.347362181,168.75,
2.349140486,56.25,
2.350918791,56.25,
2.352697095,56.25,
2.3544754,0,
2.356253705,56.25,
2.358032009,56.25,
2.359810314,168.75,
2.361588619,56.25,
2.363366924,0,
2.365145228,0,
2.366923533,56.25,
2.368701838,0,
2.370480142,56.25,
2.372258447,112.5,
2.374036752,112.5,
2.375815056,225,
2.377593361,0,
2.379371666,56.25,
2.38114997,112.5,
2.382928275,112.5,
2.38470658,56.25,
2.386484884,56.25,
2.388263189,168.75,
2.390041494,0,
2.391819798,112.5,
2.393598103,56.25,
2.395376408,56.25,
2.397154713,0,
2.398933017,168.75,
2.400711322,112.5,
2.402489627,112.5,
2.404267931,112.5,
2.406046236,0,
2.407824541,112.5,
2.409602845,0,
2.41138115,112.5,
2.413159455,112.5,
2.414937759,0,
2.416716064,0,
2.418494369,0,
2.420272673,56.25,
2.422050978,112.5,
2.423829283,56.25,
2.425607587,56.25,
2.427385892,0,
2.429164197,56.25,
2.430942501,56.25,
2.432720806,337.5,
2.434499111,112.5,
2.436277416,56.25,
2.43805572,0,
2.439834025,0,
2.44161233,56.25,
2.443390634,0,
2.445168939,168.75,
2.446947244,56.25,
2.448725548,0,
2.450503853,0,
2.452282158,0,
2.454060462,56.25,
2.455838767,112.5,
2.457617072,56.25,
2.459395376,0,
2.461173681,0,
2.462951986,56.25,
2.46473029,0,
2.466508595,56.25,
2.4682869,56.25,
2.470065205,56.25,
2.471843509,56.25,
2.473621814,56.25,
2.475400119,56.25,
2.477178423,0,
2.478956728,56.25,
2.480735033,168.75,
2.482513337,56.25,
2.484291642,0,
2.486069947,168.75,
2.487848251,0,
2.489626556,0,
2.491404861,112.5,
2.493183165,0,
2.49496147,56.25,
2.496739775,0,
2.498518079,0,
2.500296384,112.5,
2.502074689,0,
2.503852993,56.25,
2.505631298,0,
2.507409603,0,
2.509187908,56.25,
2.510966212,112.5,
2.512744517,0,
2.514522822,56.25,
2.516301126,112.5,
2.518079431,0,
2.519857736,0,
2.52163604,56.25,
2.523414345,0,
2.52519265,0,
2.526970954,0,
2.528749259,112.5,
2.530527564,112.5,
2.532305868,56.25,
2.534084173,56.25,
2.535862478,225,
2.537640782,112.5,
2.539419087,56.25,
2.541197392,112.5,
2.542975697,56.25,
2.544754001,0,
2.546532306,0,
2.548310611,0,
2.550088915,0,
2.55186722,0,
2.553645525,0,
2.555423829,112.5,
2.557202134,281.25,
2.558980439,112.5,
2.560758743,0,
2.562537048,0,
2.564315353,56.25,
2.566093657,56.25,
2.567871962,0,
2.569650267,56.25,
2.571428571,56.25,
2.573206876,0,
2.574985181,112.5,
2.576763485,0,
2.57854179,0,
2.580320095,112.5,
2.5820984,225,
2.583876704,56.25,
2.585655009,112.5,
2.587433314,56.25,
2.589211618,112.5,
2.590989923,112.5,
2.592768228,56.25,
2.594546532,112.5,
2.596324837,56.25,
2.598103142,56.25,
2.599881446,56.25,
2.601659751,112.5,
2.603438056,56.25,
2.60521636,56.25,
2.606994665,0,
2.60877297,56.25,
2.610551274,0,
2.612329579,56.25,
2.614107884,112.5,
2.615886189,0,
2.617664493,56.25,
2.619442798,0,
2.621221103,0,
2.622999407,0,
2.624777712,56.25,
2.626556017,112.5,
2.628334321,168.75,
2.630112626,0,
2.631890931,0,
2.633669235,56.25,
2.63544754,112.5,
2.637225845,56.25,
2.639004149,0,
2.640782454,0,
2.642560759,56.25,
2.644339063,168.75,
2.646117368,56.25,
2.647895673,0,
2.649673977,56.25,
2.651452282,56.25,
2.653230587,112.5,
2.655008892,0,
2.656787196,56.25,
2.658565501,56.25,
2.660343806,112.5,
2.66212211,112.5,
2.663900415,0,
2.66567872,56.25,
2.667457024,56.25,
2.669235329,56.25,
2.671013634,0,
2.672791938,168.75,
2.674570243,0,
2.676348548,0,
2.678126852,112.5,
2.679905157,0,
2.681683462,0,
2.683461766,56.25,
2.685240071,56.25,
2.687018376,56.25,
2.68879668,0,
2.690574985,112.5,
2.69235329,56.25,
2.694131595,56.25,
2.695909899,112.5,
2.697688204,56.25,
2.699466509,0,
2.701244813,56.25,
2.703023118,56.25,
2.704801423,0,
2.706579727,56.25,
2.708358032,56.25,
2.710136337,112.5,
2.711914641,56.25,
2.713692946,0,
2.715471251,56.25,
2.717249555,112.5,
2.71902786,56.25,
2.720806165,56.25,
2.722584469,0,
2.724362774,0,
2.726141079,112.5,
2.727919384,0,
2.729697688,0,
2.731475993,56.25,
2.733254298,56.25,
2.735032602,0,
2.736810907,112.5,
2.738589212,0,
2.740367516,112.5,
2.742145821,56.25,
2.743924126,56.25,
2.74570243,0,
2.747480735,112.5,
2.74925904,0,
2.751037344,0,
2.752815649,56.25,
2.754593954,56.25,
2.756372258,112.5,
2.758150563,112.5,
2.759928868,112.5,
2.761707172,0,
2.763485477,0,
2.765263782,0,
2.767042087,112.5,
2.768820391,0,
2.770598696,0,
2.772377001,168.75,
2.774155305,56.25,
2.77593361,0,
2.777711915,168.75,
2.779490219,112.5,
2.781268524,0,
2.783046829,0,
2.784825133,0,
2.786603438,0,
2.788381743,56.25,
2.790160047,56.25,
2.791938352,112.5,
2.793716657,56.25,
2.795494961,56.25,
2.797273266,56.25,
2.799051571,0,
2.800829876,0,
2.80260818,56.25,
2.804386485,168.75,
2.80616479,112.5,
2.807943094,0,
2.809721399,56.25,
2.811499704,56.25,
2.813278008,112.5,
2.815056313,112.5,
2.816834618,112.5,
2.818612922,112.5,
2.820391227,0,
2.822169532,0,
2.823947836,0,
2.825726141,0,
2.827504446,56.25,
2.82928275,0,
2.831061055,0,
2.83283936,56.25,
2.834617664,112.5,
2.836395969,112.5,
2.838174274,168.75,
2.839952579,56.25,
2.841730883,0,
2.843509188,112.5,
2.845287493,56.25,
2.847065797,0,
2.848844102,168.75,
2.850622407,0,
2.852400711,112.5,
2.854179016,56.25,
2.855957321,56.25,
2.857735625,56.25,
2.85951393,112.5,
2.861292235,112.5,
2.863070539,0,
2.864848844,0,
2.866627149,168.75,
2.868405453,0,
2.870183758,56.25,
2.871962063,112.5,
2.873740368,112.5,
2.875518672,56.25,
2.877296977,112.5,
2.879075282,112.5,
2.880853586,56.25,
2.882631891,112.5,
2.884410196,0,
2.8861885,0,
2.887966805,56.25,
2.88974511,56.25,
2.891523414,0,
2.893301719,56.25,
2.895080024,56.25,
2.896858328,112.5,
2.898636633,281.25,
2.900414938,112.5,
2.902193242,56.25,
2.903971547,0,
2.905749852,112.5,
2.907528156,0,
2.909306461,0,
2.911084766,56.25,
2.912863071,112.5,
2.914641375,168.75,
2.91641968,56.25,
2.918197985,112.5,
2.919976289,56.25,
2.921754594,0,
2.923532899,112.5,
2.925311203,0,
2.927089508,112.5,
2.928867813,112.5,
2.930646117,56.25,
2.932424422,112.5,
2.934202727,112.5,
2.935981031,56.25,
2.937759336,112.5,
2.939537641,112.5,
2.941315945,112.5,
2.94309425,56.25,
2.944872555,56.25,
2.94665086,112.5,
2.948429164,56.25,
2.950207469,56.25,
2.951985774,56.25,
2.953764078,168.75,
2.955542383,0,
2.957320688,56.25,
2.959098992,225,
2.960877297,225,
2.962655602,56.25,
2.964433906,0,
2.966212211,56.25,
2.967990516,56.25,
2.96976882,56.25,
2.971547125,112.5,
2.97332543,168.75,
2.975103734,112.5,
2.976882039,112.5,
2.978660344,112.5,
2.980438648,56.25,
2.982216953,112.5,
2.983995258,168.75,
2.985773563,0,
2.987551867,0,
2.989330172,168.75,
2.991108477,56.25,
2.992886781,0,
2.994665086,0,
2.996443391,0,
2.998221695,0,
3,112.5,
